{"privateKeyJwk":{"kty":"EC","crv":"P-256","d":"VImet8cNsyOQlJDqtC2fAo4SUElzYi9GEHygiCj2yEU","x":"XNAEFrN4e5v_fe75d69X3MkS-GEBozuw3sP19lSusV0","y":"xdhIKjKDN4CY2YX8G5VFFDmcjaELV8ZECglAPlof4sk","kid":"ivajn-U_h7fZwmHkl5JQaxnjKNvACHTlhVsC63-uG3g"},"publicKeyJwk":{"kty":"EC","crv":"P-256","x":"XNAEFrN4e5v_fe75d69X3MkS-GEBozuw3sP19lSusV0","y":"xdhIKjKDN4CY2YX8G5VFFDmcjaELV8ZECglAPlof4sk","kid":"ivajn-U_h7fZwmHkl5JQaxnjKNvACHTlhVsC63-uG3g","use":"sig"},"privateKeyPem":"-----BEGIN EC PRIVATE KEY-----\nMHcCAQEEIFSJnrfHDbMjkJSQ6rQtnwKOElBJc2IvRhB8oIgo9shFoAoGCCqGSM49\nAwEHoUQDQgAEXNAEFrN4e5v/fe75d69X3MkS+GEBozuw3sP19lSusV3F2EgqMoM3\ngJjZhfwblUUUOZyNoQtXxkQKCUA+Wh/iyQ==\n-----END EC PRIVATE KEY-----","publicKeyPem":"-----BEGIN PUBLIC KEY-----\nMFkwEwYHKoZIzj0CAQYIKoZIzj0DAQcDQgAEXNAEFrN4e5v/fe75d69X3MkS+GEB\nozuw3sP19lSusV3F2EgqMoM3gJjZhfwblUUUOZyNoQtXxkQKCUA+Wh/iyQ==\n-----END PUBLIC KEY-----"}